[2021-03-12 15:27:37:001] : Channel:1, NG,OPEN/SHORT, 1 PIN, 2 PIN
[2021-03-12 15:27:41:977] : Channel:2, NG,OPEN/SHORT, 1 PIN, 2 PIN
[2021-03-12 15:28:59:032] : Channel:1, NG,OPEN/SHORT, 1 PIN, 2 PIN
[2021-03-12 15:29:00:341] : Channel:2, NG,OPEN/SHORT, 1 PIN, 2 PIN
[2021-03-12 15:32:08:698] : Channel:1, NG,OPEN/SHORT, 1 PIN, 2 PIN
[2021-03-12 15:32:09:960] : Channel:2, NG,OPEN/SHORT, 1 PIN, 2 PIN
[2021-03-12 15:32:11:017] : Channel:3, NG,OPEN/SHORT, 1 PIN, 2 PIN
[2021-03-12 15:32:12:102] : Channel:4, NG,OPEN/SHORT, 1 PIN, 2 PIN
[2021-03-12 15:32:13:186] : Channel:5, NG,OPEN/SHORT, 1 PIN, 2 PIN
[2021-03-12 15:32:14:255] : Channel:6, NG,OPEN/SHORT, 1 PIN, 2 PIN
[2021-03-12 15:32:15:312] : Channel:7, NG,OPEN/SHORT, 1 PIN, 2 PIN
[2021-03-12 15:32:16:387] : Channel:8, NG,OPEN/SHORT, 1 PIN, 2 PIN
[2021-03-12 15:32:17:191] : Channel:1, NG,OPEN/SHORT, 1 PIN, 2 PIN
[2021-03-12 15:32:17:784] : Channel:2, NG,OPEN/SHORT, 1 PIN, 2 PIN
[2021-03-12 15:32:18:873] : Channel:3, NG,OPEN/SHORT, 1 PIN, 2 PIN
[2021-03-12 15:32:19:965] : Channel:4, NG,OPEN/SHORT, 1 PIN, 2 PIN
[2021-03-12 15:32:21:054] : Channel:5, NG,OPEN/SHORT, 1 PIN, 2 PIN
[2021-03-12 15:32:22:109] : Channel:6, NG,OPEN/SHORT, 1 PIN, 2 PIN
[2021-03-12 15:32:23:156] : Channel:7, NG,OPEN/SHORT, 1 PIN, 2 PIN
[2021-03-12 15:32:24:215] : Channel:8, NG,OPEN/SHORT, 1 PIN, 2 PIN
[2021-03-12 15:32:25:056] : Channel:1, NG,OPEN/SHORT, 1 PIN, 2 PIN
[2021-03-12 15:32:25:615] : Channel:2, NG,OPEN/SHORT, 1 PIN, 2 PIN
[2021-03-12 15:32:26:709] : Channel:3, NG,OPEN/SHORT, 1 PIN, 2 PIN
[2021-03-12 15:32:27:796] : Channel:4, NG,OPEN/SHORT, 1 PIN, 2 PIN
[2021-03-12 15:32:28:887] : Channel:5, NG,OPEN/SHORT, 1 PIN, 2 PIN
[2021-03-12 15:32:29:944] : Channel:6, NG,OPEN/SHORT, 1 PIN, 2 PIN
[2021-03-12 15:32:30:998] : Channel:7, NG,OPEN/SHORT, 1 PIN, 2 PIN
[2021-03-12 15:32:32:076] : Channel:8, NG,OPEN/SHORT, 1 PIN, 2 PIN
[2021-03-12 15:32:33:864] : Channel:1, NG,OPEN/SHORT, 1 PIN, 2 PIN
[2021-03-12 15:32:34:550] : Channel:2, NG,OPEN/SHORT, 1 PIN, 2 PIN
[2021-03-12 15:32:35:114] : Channel:1, NG,OPEN/SHORT, 1 PIN, 2 PIN
[2021-03-12 15:32:35:643] : Channel:2, NG,OPEN/SHORT, 1 PIN, 2 PIN
[2021-03-12 15:32:57:321] : Channel:1, NG,OPEN/SHORT, 1 PIN, 2 PIN
[2021-03-12 15:32:58:032] : Channel:2, NG,OPEN/SHORT, 1 PIN, 2 PIN
[2021-03-12 15:32:59:089] : Channel:3, NG,OPEN/SHORT, 1 PIN, 2 PIN
[2021-03-12 15:39:02:002] : Channel:1, NG,OPEN/SHORT, 1 PIN, 2 PIN
[2021-03-12 15:39:03:137] : Channel:2, NG,OPEN/SHORT, 1 PIN, 2 PIN
[2021-03-12 15:39:04:229] : Channel:3, NG,OPEN/SHORT, 1 PIN, 2 PIN
[2021-03-12 15:39:05:312] : Channel:4, NG,OPEN/SHORT, 1 PIN, 2 PIN
[2021-03-12 15:39:06:405] : Channel:5, NG,OPEN/SHORT, 1 PIN, 2 PIN
[2021-03-12 15:39:07:483] : Channel:6, NG,OPEN/SHORT, 1 PIN, 2 PIN
[2021-03-12 15:39:08:542] : Channel:7, NG,OPEN/SHORT, 1 PIN, 2 PIN
[2021-03-12 15:39:09:620] : Channel:8, NG,OPEN/SHORT, 1 PIN, 2 PIN
[2021-03-12 15:39:10:237] : Channel:1, NG,OPEN/SHORT, 1 PIN, 2 PIN
[2021-03-12 15:39:10:487] : Channel:1, NG,OPEN/SHORT, 1 PIN, 2 PIN
[2021-03-12 15:39:11:172] : Channel:2, NG,OPEN/SHORT, 1 PIN, 2 PIN
[2021-03-12 15:39:11:645] : Channel:1, NG,OPEN/SHORT, 1 PIN, 2 PIN
[2021-03-12 15:39:12:371] : Channel:2, NG,OPEN/SHORT, 1 PIN, 2 PIN
[2021-03-12 15:39:13:407] : Channel:3, NG,OPEN/SHORT, 1 PIN, 2 PIN
[2021-03-12 15:39:14:494] : Channel:4, NG,OPEN/SHORT, 1 PIN, 2 PIN
[2021-03-12 15:39:15:586] : Channel:5, NG,OPEN/SHORT, 1 PIN, 2 PIN
[2021-03-12 15:39:16:650] : Channel:6, NG,OPEN/SHORT, 1 PIN, 2 PIN
[2021-03-12 15:39:17:702] : Channel:7, NG,OPEN/SHORT, 1 PIN, 2 PIN
[2021-03-12 15:39:18:759] : Channel:8, NG,OPEN/SHORT, 1 PIN, 2 PIN
[2021-03-12 15:43:40:306] : Channel:1, NG,OPEN/SHORT, 1 PIN, 2 PIN
[2021-03-12 15:43:41:416] : Channel:2, NG,OPEN/SHORT, 1 PIN, 2 PIN
[2021-03-12 15:43:42:497] : Channel:3, NG,OPEN/SHORT, 1 PIN, 2 PIN
[2021-03-12 15:43:43:589] : Channel:4, NG,OPEN/SHORT, 1 PIN, 2 PIN
[2021-03-12 15:43:44:674] : Channel:5, NG,OPEN/SHORT, 1 PIN, 2 PIN
[2021-03-12 15:43:45:746] : Channel:6, NG,OPEN/SHORT, 1 PIN, 2 PIN
[2021-03-12 15:43:46:818] : Channel:7, NG,OPEN/SHORT, 1 PIN, 2 PIN
[2021-03-12 15:43:47:877] : Channel:8, NG,OPEN/SHORT, 1 PIN, 2 PIN
[2021-03-12 15:43:48:685] : Channel:1, NG,OPEN/SHORT, 1 PIN, 2 PIN
