[2021-03-12 15:27:37:190] : Channel:1, OK,Retry Count:0
[2021-03-12 15:27:42:195] : Channel:2, OK,Retry Count:0
[2021-03-12 15:28:59:108] : Channel:1, OK,Retry Count:1
[2021-03-12 15:29:00:372] : Channel:2, OK,Retry Count:0
[2021-03-12 15:32:08:772] : Channel:1, OK,Retry Count:1
[2021-03-12 15:32:09:990] : Channel:2, OK,Retry Count:0
[2021-03-12 15:32:11:047] : Channel:3, OK,Retry Count:0
[2021-03-12 15:32:12:132] : Channel:4, OK,Retry Count:0
[2021-03-12 15:32:13:216] : Channel:5, OK,Retry Count:0
[2021-03-12 15:32:14:285] : Channel:6, OK,Retry Count:0
[2021-03-12 15:32:15:342] : Channel:7, OK,Retry Count:0
[2021-03-12 15:32:16:418] : Channel:8, OK,Retry Count:0
[2021-03-12 15:32:17:223] : Channel:1, OK,Retry Count:0
[2021-03-12 15:32:17:814] : Channel:2, OK,Retry Count:0
[2021-03-12 15:32:18:905] : Channel:3, OK,Retry Count:0
[2021-03-12 15:32:19:994] : Channel:4, OK,Retry Count:0
[2021-03-12 15:32:21:083] : Channel:5, OK,Retry Count:0
[2021-03-12 15:32:22:136] : Channel:6, OK,Retry Count:0
[2021-03-12 15:32:23:187] : Channel:7, OK,Retry Count:0
[2021-03-12 15:32:24:245] : Channel:8, OK,Retry Count:0
[2021-03-12 15:32:25:088] : Channel:1, OK,Retry Count:0
[2021-03-12 15:32:25:646] : Channel:2, OK,Retry Count:0
[2021-03-12 15:32:26:740] : Channel:3, OK,Retry Count:0
[2021-03-12 15:32:27:827] : Channel:4, OK,Retry Count:0
[2021-03-12 15:32:28:914] : Channel:5, OK,Retry Count:0
[2021-03-12 15:32:29:974] : Channel:6, OK,Retry Count:0
[2021-03-12 15:32:31:028] : Channel:7, OK,Retry Count:0
[2021-03-12 15:32:32:119] : Channel:8, OK,Retry Count:0
[2021-03-12 15:32:33:895] : Channel:1, OK,Retry Count:0
[2021-03-12 15:32:34:580] : Channel:2, OK,Retry Count:0
[2021-03-12 15:32:35:144] : Channel:1, OK,Retry Count:0
[2021-03-12 15:32:35:674] : Channel:2, OK,Retry Count:0
[2021-03-12 15:32:57:346] : Channel:1, OK,Retry Count:0
[2021-03-12 15:32:58:062] : Channel:2, OK,Retry Count:0
[2021-03-12 15:32:59:119] : Channel:3, OK,Retry Count:0
[2021-03-12 15:39:02:072] : Channel:1, OK,Retry Count:1
[2021-03-12 15:39:03:167] : Channel:2, OK,Retry Count:0
[2021-03-12 15:39:04:261] : Channel:3, OK,Retry Count:0
[2021-03-12 15:39:05:341] : Channel:4, OK,Retry Count:0
[2021-03-12 15:39:06:436] : Channel:5, OK,Retry Count:0
[2021-03-12 15:39:07:515] : Channel:6, OK,Retry Count:0
[2021-03-12 15:39:08:573] : Channel:7, OK,Retry Count:0
[2021-03-12 15:39:09:650] : Channel:8, OK,Retry Count:0
[2021-03-12 15:39:10:267] : Channel:1, OK,Retry Count:0
[2021-03-12 15:39:10:520] : Channel:1, OK,Retry Count:0
[2021-03-12 15:39:11:203] : Channel:2, OK,Retry Count:0
[2021-03-12 15:39:11:676] : Channel:1, OK,Retry Count:0
[2021-03-12 15:39:12:400] : Channel:2, OK,Retry Count:0
[2021-03-12 15:39:13:437] : Channel:3, OK,Retry Count:0
[2021-03-12 15:39:14:523] : Channel:4, OK,Retry Count:0
[2021-03-12 15:39:15:617] : Channel:5, OK,Retry Count:0
[2021-03-12 15:39:16:681] : Channel:6, OK,Retry Count:0
[2021-03-12 15:39:17:733] : Channel:7, OK,Retry Count:0
[2021-03-12 15:39:18:791] : Channel:8, OK,Retry Count:0
[2021-03-12 15:43:40:379] : Channel:1, OK,Retry Count:1
[2021-03-12 15:43:41:445] : Channel:2, OK,Retry Count:0
[2021-03-12 15:43:42:529] : Channel:3, OK,Retry Count:0
[2021-03-12 15:43:43:615] : Channel:4, OK,Retry Count:0
[2021-03-12 15:43:44:704] : Channel:5, OK,Retry Count:0
[2021-03-12 15:43:45:778] : Channel:6, OK,Retry Count:0
[2021-03-12 15:43:46:849] : Channel:7, OK,Retry Count:0
[2021-03-12 15:43:47:907] : Channel:8, OK,Retry Count:0
[2021-03-12 15:43:48:714] : Channel:1, OK,Retry Count:0
